<?xml version="1.0" encoding="utf-8"?><!--Generated by ILIAS XmlWriter--><manifest identifier="il_0_man_184583" version="" xmlns:xsi="http://www.w3.org/2001/XMLSchema-instance" xsi:schemaLocation="http://www.imsproject.org/xsd/imscp_rootv1p1p2 imscp_rootv1p1p2.xsd http://www.imsglobal.org/xsd/imsmd_rootv1p2p1 imsmd_rootv1p2p1.xsd http://www.adlnet.org/xsd/adlcp_rootv1p2 adlcp_rootv1p2.xsd" xmlns:imsmd="http://www.imsproject.org/xsd/imsmd_rootv1p2p1" xmlns:adlcp="http://www.adlnet.org/xsd/adlcp_rootv1p2" xmlns="http://www.imsproject.org/xsd/imscp_rootv1p1p2"><organizations><organization identifier="il_0_lm_184583" structure="hierarchical"><title>Template - Problembasiertes Lernen</title><item identifier="INDEX" identifierref="RINDEX"><title>Template - Problembasiertes Lernen</title></item></organization></organizations><resources><resource identifier="RINDEX" type="webcontent" adlcp:scormtype="asset" href="res/index.html"></resource></resources></manifest>