<?xml version="1.0" encoding="utf-8" standalone="no"?>
<manifest identifier="com.LiaScript.311DefinitionundMessungderKraft.498ea832-884e-46e4-9976-919ec314a970" version="1" xmlns:adlcp="http://www.adlnet.org/xsd/adlcp_rootv1p2" xmlns="http://www.imsproject.org/xsd/imscp_rootv1p1p2" xmlns:xsi="http://www.w3.org/2001/XMLSchema-instance" xsi:schemaLocation="http://www.imsproject.org/xsd/imscp_rootv1p1p2 imscp_rootv1p1p2.xsd http://www.imsglobal.org/xsd/imsmd_rootv1p2p1 imsmd_rootv1p2p1.xsd http://www.adlnet.org/xsd/adlcp_rootv1p2 adlcp_rootv1p2.xsd">
  <metadata>
    <schema>ADL SCORM</schema>
    <schemaversion>1.2</schemaversion>
    <adlcp:location>metadata.xml</adlcp:location>
  </metadata>
  <organizations default="LiaScript">
    <organization identifier="LiaScript">
      <title>3.1.1 Definition und Messung der Kraft</title>
      <item identifier="item_com.LiaScript.311DefinitionundMessungderKraft.498ea832-884e-46e4-9976-919ec314a970" identifierref="resource_com.LiaScript.311DefinitionundMessungderKraft.498ea832-884e-46e4-9976-919ec314a970" parameters="./courseLiaScript.md">
        <title>3.1.1 Definition und Messung der Kraft</title>
        <adlcp:masteryscore>0</adlcp:masteryscore>
        <metadata>
          <schema>ADL SCORM</schema>
          <schemaversion>1.2</schemaversion>
          <adlcp:location>metadata.xml</adlcp:location>
        </metadata>
      </item>
      <metadata>
        <schema>ADL SCORM</schema>
        <schemaversion>1.2</schemaversion>
        <adlcp:location>metadata.xml</adlcp:location>
      </metadata>
    </organization>
  </organizations>
  <resources>
    <metadata>
      <schema>ADL SCORM</schema>
      <schemaversion>1.2</schemaversion>
      <adlcp:location>metadata.xml</adlcp:location>
    </metadata>
    <resource identifier="resource_com.LiaScript.311DefinitionundMessungderKraft.498ea832-884e-46e4-9976-919ec314a970" type="webcontent" href="index.html" adlcp:scormtype="sco">
      <metadata>
        <schema>ADL SCORM</schema>
        <schemaversion>1.2</schemaversion>
        <adlcp:location>metadata.xml</adlcp:location>
      </metadata>
      <file href="chart.d4211e6c.js"/>
      <file href="config.js"/>
      <file href="editor/ace.js"/>
      <file href="editor/ext-beautify.js"/>
      <file href="editor/ext-code_lens.js"/>
      <file href="editor/ext-elastic_tabstops_lite.js"/>
      <file href="editor/ext-emmet.js"/>
      <file href="editor/ext-error_marker.js"/>
      <file href="editor/ext-keybinding_menu.js"/>
      <file href="editor/ext-language_tools.js"/>
      <file href="editor/ext-linking.js"/>
      <file href="editor/ext-modelist.js"/>
      <file href="editor/ext-options.js"/>
      <file href="editor/ext-prompt.js"/>
      <file href="editor/ext-rtl.js"/>
      <file href="editor/ext-searchbox.js"/>
      <file href="editor/ext-settings_menu.js"/>
      <file href="editor/ext-spellcheck.js"/>
      <file href="editor/ext-split.js"/>
      <file href="editor/ext-static_highlight.js"/>
      <file href="editor/ext-statusbar.js"/>
      <file href="editor/ext-textarea.js"/>
      <file href="editor/ext-themelist.js"/>
      <file href="editor/ext-whitespace.js"/>
      <file href="editor/keybinding-emacs.js"/>
      <file href="editor/keybinding-sublime.js"/>
      <file href="editor/keybinding-vim.js"/>
      <file href="editor/keybinding-vscode.js"/>
      <file href="editor/mode-abap.js"/>
      <file href="editor/mode-abc.js"/>
      <file href="editor/mode-actionscript.js"/>
      <file href="editor/mode-ada.js"/>
      <file href="editor/mode-alda.js"/>
      <file href="editor/mode-apache_conf.js"/>
      <file href="editor/mode-apex.js"/>
      <file href="editor/mode-applescript.js"/>
      <file href="editor/mode-aql.js"/>
      <file href="editor/mode-asciidoc.js"/>
      <file href="editor/mode-asl.js"/>
      <file href="editor/mode-assembly_x86.js"/>
      <file href="editor/mode-autohotkey.js"/>
      <file href="editor/mode-batchfile.js"/>
      <file href="editor/mode-c9search.js"/>
      <file href="editor/mode-cirru.js"/>
      <file href="editor/mode-clojure.js"/>
      <file href="editor/mode-cobol.js"/>
      <file href="editor/mode-coffee.js"/>
      <file href="editor/mode-coldfusion.js"/>
      <file href="editor/mode-crystal.js"/>
      <file href="editor/mode-csharp.js"/>
      <file href="editor/mode-csound_document.js"/>
      <file href="editor/mode-csound_orchestra.js"/>
      <file href="editor/mode-csound_score.js"/>
      <file href="editor/mode-csp.js"/>
      <file href="editor/mode-css.js"/>
      <file href="editor/mode-curly.js"/>
      <file href="editor/mode-c_cpp.js"/>
      <file href="editor/mode-d.js"/>
      <file href="editor/mode-dart.js"/>
      <file href="editor/mode-diff.js"/>
      <file href="editor/mode-django.js"/>
      <file href="editor/mode-dockerfile.js"/>
      <file href="editor/mode-dot.js"/>
      <file href="editor/mode-drools.js"/>
      <file href="editor/mode-edifact.js"/>
      <file href="editor/mode-eiffel.js"/>
      <file href="editor/mode-ejs.js"/>
      <file href="editor/mode-elixir.js"/>
      <file href="editor/mode-elm.js"/>
      <file href="editor/mode-erlang.js"/>
      <file href="editor/mode-forth.js"/>
      <file href="editor/mode-fortran.js"/>
      <file href="editor/mode-fsharp.js"/>
      <file href="editor/mode-fsl.js"/>
      <file href="editor/mode-ftl.js"/>
      <file href="editor/mode-gcode.js"/>
      <file href="editor/mode-gherkin.js"/>
      <file href="editor/mode-gitignore.js"/>
      <file href="editor/mode-glsl.js"/>
      <file href="editor/mode-gobstones.js"/>
      <file href="editor/mode-golang.js"/>
      <file href="editor/mode-graphqlschema.js"/>
      <file href="editor/mode-groovy.js"/>
      <file href="editor/mode-haml.js"/>
      <file href="editor/mode-handlebars.js"/>
      <file href="editor/mode-haskell.js"/>
      <file href="editor/mode-haskell_cabal.js"/>
      <file href="editor/mode-haxe.js"/>
      <file href="editor/mode-hjson.js"/>
      <file href="editor/mode-html.js"/>
      <file href="editor/mode-html_elixir.js"/>
      <file href="editor/mode-html_ruby.js"/>
      <file href="editor/mode-ini.js"/>
      <file href="editor/mode-io.js"/>
      <file href="editor/mode-jack.js"/>
      <file href="editor/mode-jade.js"/>
      <file href="editor/mode-java.js"/>
      <file href="editor/mode-javascript.js"/>
      <file href="editor/mode-json.js"/>
      <file href="editor/mode-json5.js"/>
      <file href="editor/mode-jsoniq.js"/>
      <file href="editor/mode-jsp.js"/>
      <file href="editor/mode-jssm.js"/>
      <file href="editor/mode-jsx.js"/>
      <file href="editor/mode-julia.js"/>
      <file href="editor/mode-kotlin.js"/>
      <file href="editor/mode-latex.js"/>
      <file href="editor/mode-less.js"/>
      <file href="editor/mode-liquid.js"/>
      <file href="editor/mode-lisp.js"/>
      <file href="editor/mode-livescript.js"/>
      <file href="editor/mode-logiql.js"/>
      <file href="editor/mode-logtalk.js"/>
      <file href="editor/mode-lsl.js"/>
      <file href="editor/mode-lua.js"/>
      <file href="editor/mode-luapage.js"/>
      <file href="editor/mode-lucene.js"/>
      <file href="editor/mode-makefile.js"/>
      <file href="editor/mode-markdown.js"/>
      <file href="editor/mode-mask.js"/>
      <file href="editor/mode-matlab.js"/>
      <file href="editor/mode-maze.js"/>
      <file href="editor/mode-mediawiki.js"/>
      <file href="editor/mode-mel.js"/>
      <file href="editor/mode-mixal.js"/>
      <file href="editor/mode-mushcode.js"/>
      <file href="editor/mode-mysql.js"/>
      <file href="editor/mode-nginx.js"/>
      <file href="editor/mode-nim.js"/>
      <file href="editor/mode-nix.js"/>
      <file href="editor/mode-nsis.js"/>
      <file href="editor/mode-nunjucks.js"/>
      <file href="editor/mode-objectivec.js"/>
      <file href="editor/mode-ocaml.js"/>
      <file href="editor/mode-pascal.js"/>
      <file href="editor/mode-perl.js"/>
      <file href="editor/mode-perl6.js"/>
      <file href="editor/mode-pgsql.js"/>
      <file href="editor/mode-php.js"/>
      <file href="editor/mode-php_laravel_blade.js"/>
      <file href="editor/mode-pig.js"/>
      <file href="editor/mode-plain_text.js"/>
      <file href="editor/mode-powershell.js"/>
      <file href="editor/mode-praat.js"/>
      <file href="editor/mode-prisma.js"/>
      <file href="editor/mode-prolog.js"/>
      <file href="editor/mode-properties.js"/>
      <file href="editor/mode-protobuf.js"/>
      <file href="editor/mode-puppet.js"/>
      <file href="editor/mode-python.js"/>
      <file href="editor/mode-qml.js"/>
      <file href="editor/mode-r.js"/>
      <file href="editor/mode-razor.js"/>
      <file href="editor/mode-rdoc.js"/>
      <file href="editor/mode-red.js"/>
      <file href="editor/mode-redshift.js"/>
      <file href="editor/mode-rhtml.js"/>
      <file href="editor/mode-rst.js"/>
      <file href="editor/mode-ruby.js"/>
      <file href="editor/mode-rust.js"/>
      <file href="editor/mode-sass.js"/>
      <file href="editor/mode-scad.js"/>
      <file href="editor/mode-scala.js"/>
      <file href="editor/mode-scheme.js"/>
      <file href="editor/mode-scss.js"/>
      <file href="editor/mode-sh.js"/>
      <file href="editor/mode-sjs.js"/>
      <file href="editor/mode-slim.js"/>
      <file href="editor/mode-smarty.js"/>
      <file href="editor/mode-snippets.js"/>
      <file href="editor/mode-soy_template.js"/>
      <file href="editor/mode-space.js"/>
      <file href="editor/mode-sparql.js"/>
      <file href="editor/mode-sql.js"/>
      <file href="editor/mode-sqlserver.js"/>
      <file href="editor/mode-stylus.js"/>
      <file href="editor/mode-svg.js"/>
      <file href="editor/mode-swift.js"/>
      <file href="editor/mode-tcl.js"/>
      <file href="editor/mode-terraform.js"/>
      <file href="editor/mode-tex.js"/>
      <file href="editor/mode-text.js"/>
      <file href="editor/mode-textile.js"/>
      <file href="editor/mode-toml.js"/>
      <file href="editor/mode-tsx.js"/>
      <file href="editor/mode-turtle.js"/>
      <file href="editor/mode-twig.js"/>
      <file href="editor/mode-typescript.js"/>
      <file href="editor/mode-vala.js"/>
      <file href="editor/mode-vbscript.js"/>
      <file href="editor/mode-velocity.js"/>
      <file href="editor/mode-verilog.js"/>
      <file href="editor/mode-vhdl.js"/>
      <file href="editor/mode-visualforce.js"/>
      <file href="editor/mode-wollok.js"/>
      <file href="editor/mode-xml.js"/>
      <file href="editor/mode-xquery.js"/>
      <file href="editor/mode-yaml.js"/>
      <file href="editor/mode-zeek.js"/>
      <file href="editor/snippets/abap.js"/>
      <file href="editor/snippets/abc.js"/>
      <file href="editor/snippets/actionscript.js"/>
      <file href="editor/snippets/ada.js"/>
      <file href="editor/snippets/alda.js"/>
      <file href="editor/snippets/apache_conf.js"/>
      <file href="editor/snippets/apex.js"/>
      <file href="editor/snippets/applescript.js"/>
      <file href="editor/snippets/aql.js"/>
      <file href="editor/snippets/asciidoc.js"/>
      <file href="editor/snippets/asl.js"/>
      <file href="editor/snippets/assembly_x86.js"/>
      <file href="editor/snippets/autohotkey.js"/>
      <file href="editor/snippets/batchfile.js"/>
      <file href="editor/snippets/c9search.js"/>
      <file href="editor/snippets/cirru.js"/>
      <file href="editor/snippets/clojure.js"/>
      <file href="editor/snippets/cobol.js"/>
      <file href="editor/snippets/coffee.js"/>
      <file href="editor/snippets/coldfusion.js"/>
      <file href="editor/snippets/crystal.js"/>
      <file href="editor/snippets/csharp.js"/>
      <file href="editor/snippets/csound_document.js"/>
      <file href="editor/snippets/csound_orchestra.js"/>
      <file href="editor/snippets/csound_score.js"/>
      <file href="editor/snippets/csp.js"/>
      <file href="editor/snippets/css.js"/>
      <file href="editor/snippets/curly.js"/>
      <file href="editor/snippets/c_cpp.js"/>
      <file href="editor/snippets/d.js"/>
      <file href="editor/snippets/dart.js"/>
      <file href="editor/snippets/diff.js"/>
      <file href="editor/snippets/django.js"/>
      <file href="editor/snippets/dockerfile.js"/>
      <file href="editor/snippets/dot.js"/>
      <file href="editor/snippets/drools.js"/>
      <file href="editor/snippets/edifact.js"/>
      <file href="editor/snippets/eiffel.js"/>
      <file href="editor/snippets/ejs.js"/>
      <file href="editor/snippets/elixir.js"/>
      <file href="editor/snippets/elm.js"/>
      <file href="editor/snippets/erlang.js"/>
      <file href="editor/snippets/forth.js"/>
      <file href="editor/snippets/fortran.js"/>
      <file href="editor/snippets/fsharp.js"/>
      <file href="editor/snippets/fsl.js"/>
      <file href="editor/snippets/ftl.js"/>
      <file href="editor/snippets/gcode.js"/>
      <file href="editor/snippets/gherkin.js"/>
      <file href="editor/snippets/gitignore.js"/>
      <file href="editor/snippets/glsl.js"/>
      <file href="editor/snippets/gobstones.js"/>
      <file href="editor/snippets/golang.js"/>
      <file href="editor/snippets/graphqlschema.js"/>
      <file href="editor/snippets/groovy.js"/>
      <file href="editor/snippets/haml.js"/>
      <file href="editor/snippets/handlebars.js"/>
      <file href="editor/snippets/haskell.js"/>
      <file href="editor/snippets/haskell_cabal.js"/>
      <file href="editor/snippets/haxe.js"/>
      <file href="editor/snippets/hjson.js"/>
      <file href="editor/snippets/html.js"/>
      <file href="editor/snippets/html_elixir.js"/>
      <file href="editor/snippets/html_ruby.js"/>
      <file href="editor/snippets/ini.js"/>
      <file href="editor/snippets/io.js"/>
      <file href="editor/snippets/jack.js"/>
      <file href="editor/snippets/jade.js"/>
      <file href="editor/snippets/java.js"/>
      <file href="editor/snippets/javascript.js"/>
      <file href="editor/snippets/json.js"/>
      <file href="editor/snippets/json5.js"/>
      <file href="editor/snippets/jsoniq.js"/>
      <file href="editor/snippets/jsp.js"/>
      <file href="editor/snippets/jssm.js"/>
      <file href="editor/snippets/jsx.js"/>
      <file href="editor/snippets/julia.js"/>
      <file href="editor/snippets/kotlin.js"/>
      <file href="editor/snippets/latex.js"/>
      <file href="editor/snippets/less.js"/>
      <file href="editor/snippets/liquid.js"/>
      <file href="editor/snippets/lisp.js"/>
      <file href="editor/snippets/livescript.js"/>
      <file href="editor/snippets/logiql.js"/>
      <file href="editor/snippets/logtalk.js"/>
      <file href="editor/snippets/lsl.js"/>
      <file href="editor/snippets/lua.js"/>
      <file href="editor/snippets/luapage.js"/>
      <file href="editor/snippets/lucene.js"/>
      <file href="editor/snippets/makefile.js"/>
      <file href="editor/snippets/markdown.js"/>
      <file href="editor/snippets/mask.js"/>
      <file href="editor/snippets/matlab.js"/>
      <file href="editor/snippets/maze.js"/>
      <file href="editor/snippets/mediawiki.js"/>
      <file href="editor/snippets/mel.js"/>
      <file href="editor/snippets/mixal.js"/>
      <file href="editor/snippets/mushcode.js"/>
      <file href="editor/snippets/mysql.js"/>
      <file href="editor/snippets/nginx.js"/>
      <file href="editor/snippets/nim.js"/>
      <file href="editor/snippets/nix.js"/>
      <file href="editor/snippets/nsis.js"/>
      <file href="editor/snippets/nunjucks.js"/>
      <file href="editor/snippets/objectivec.js"/>
      <file href="editor/snippets/ocaml.js"/>
      <file href="editor/snippets/pascal.js"/>
      <file href="editor/snippets/perl.js"/>
      <file href="editor/snippets/perl6.js"/>
      <file href="editor/snippets/pgsql.js"/>
      <file href="editor/snippets/php.js"/>
      <file href="editor/snippets/php_laravel_blade.js"/>
      <file href="editor/snippets/pig.js"/>
      <file href="editor/snippets/plain_text.js"/>
      <file href="editor/snippets/powershell.js"/>
      <file href="editor/snippets/praat.js"/>
      <file href="editor/snippets/prisma.js"/>
      <file href="editor/snippets/prolog.js"/>
      <file href="editor/snippets/properties.js"/>
      <file href="editor/snippets/protobuf.js"/>
      <file href="editor/snippets/puppet.js"/>
      <file href="editor/snippets/python.js"/>
      <file href="editor/snippets/qml.js"/>
      <file href="editor/snippets/r.js"/>
      <file href="editor/snippets/razor.js"/>
      <file href="editor/snippets/rdoc.js"/>
      <file href="editor/snippets/red.js"/>
      <file href="editor/snippets/redshift.js"/>
      <file href="editor/snippets/rhtml.js"/>
      <file href="editor/snippets/rst.js"/>
      <file href="editor/snippets/ruby.js"/>
      <file href="editor/snippets/rust.js"/>
      <file href="editor/snippets/sass.js"/>
      <file href="editor/snippets/scad.js"/>
      <file href="editor/snippets/scala.js"/>
      <file href="editor/snippets/scheme.js"/>
      <file href="editor/snippets/scss.js"/>
      <file href="editor/snippets/sh.js"/>
      <file href="editor/snippets/sjs.js"/>
      <file href="editor/snippets/slim.js"/>
      <file href="editor/snippets/smarty.js"/>
      <file href="editor/snippets/snippets.js"/>
      <file href="editor/snippets/soy_template.js"/>
      <file href="editor/snippets/space.js"/>
      <file href="editor/snippets/sparql.js"/>
      <file href="editor/snippets/sql.js"/>
      <file href="editor/snippets/sqlserver.js"/>
      <file href="editor/snippets/stylus.js"/>
      <file href="editor/snippets/svg.js"/>
      <file href="editor/snippets/swift.js"/>
      <file href="editor/snippets/tcl.js"/>
      <file href="editor/snippets/terraform.js"/>
      <file href="editor/snippets/tex.js"/>
      <file href="editor/snippets/text.js"/>
      <file href="editor/snippets/textile.js"/>
      <file href="editor/snippets/toml.js"/>
      <file href="editor/snippets/tsx.js"/>
      <file href="editor/snippets/turtle.js"/>
      <file href="editor/snippets/twig.js"/>
      <file href="editor/snippets/typescript.js"/>
      <file href="editor/snippets/vala.js"/>
      <file href="editor/snippets/vbscript.js"/>
      <file href="editor/snippets/velocity.js"/>
      <file href="editor/snippets/verilog.js"/>
      <file href="editor/snippets/vhdl.js"/>
      <file href="editor/snippets/visualforce.js"/>
      <file href="editor/snippets/wollok.js"/>
      <file href="editor/snippets/xml.js"/>
      <file href="editor/snippets/xquery.js"/>
      <file href="editor/snippets/yaml.js"/>
      <file href="editor/snippets/zeek.js"/>
      <file href="editor/theme-ambiance.js"/>
      <file href="editor/theme-chaos.js"/>
      <file href="editor/theme-chrome.js"/>
      <file href="editor/theme-clouds.js"/>
      <file href="editor/theme-clouds_midnight.js"/>
      <file href="editor/theme-cobalt.js"/>
      <file href="editor/theme-crimson_editor.js"/>
      <file href="editor/theme-dawn.js"/>
      <file href="editor/theme-dracula.js"/>
      <file href="editor/theme-dreamweaver.js"/>
      <file href="editor/theme-eclipse.js"/>
      <file href="editor/theme-github.js"/>
      <file href="editor/theme-gob.js"/>
      <file href="editor/theme-gruvbox.js"/>
      <file href="editor/theme-idle_fingers.js"/>
      <file href="editor/theme-iplastic.js"/>
      <file href="editor/theme-katzenmilch.js"/>
      <file href="editor/theme-kr_theme.js"/>
      <file href="editor/theme-kuroir.js"/>
      <file href="editor/theme-merbivore.js"/>
      <file href="editor/theme-merbivore_soft.js"/>
      <file href="editor/theme-monokai.js"/>
      <file href="editor/theme-mono_industrial.js"/>
      <file href="editor/theme-nord_dark.js"/>
      <file href="editor/theme-pastel_on_dark.js"/>
      <file href="editor/theme-solarized_dark.js"/>
      <file href="editor/theme-solarized_light.js"/>
      <file href="editor/theme-sqlserver.js"/>
      <file href="editor/theme-terminal.js"/>
      <file href="editor/theme-textmate.js"/>
      <file href="editor/theme-tomorrow.js"/>
      <file href="editor/theme-tomorrow_night.js"/>
      <file href="editor/theme-tomorrow_night_blue.js"/>
      <file href="editor/theme-tomorrow_night_bright.js"/>
      <file href="editor/theme-tomorrow_night_eighties.js"/>
      <file href="editor/theme-twilight.js"/>
      <file href="editor/theme-vibrant_ink.js"/>
      <file href="editor/theme-xcode.js"/>
      <file href="editor/worker-base.js"/>
      <file href="editor/worker-coffee.js"/>
      <file href="editor/worker-css.js"/>
      <file href="editor/worker-html.js"/>
      <file href="editor/worker-javascript.js"/>
      <file href="editor/worker-json.js"/>
      <file href="editor/worker-lua.js"/>
      <file href="editor/worker-php.js"/>
      <file href="editor/worker-xml.js"/>
      <file href="editor/worker-xquery.js"/>
      <file href="editor.71372394.js"/>
      <file href="format.575514e7.js"/>
      <file href="formula.d5b2c4c5.js"/>
      <file href="GitHubTestOER/.git/config"/>
      <file href="GitHubTestOER/.git/description"/>
      <file href="GitHubTestOER/.git/HEAD"/>
      <file href="GitHubTestOER/.git/hooks/applypatch-msg.sample"/>
      <file href="GitHubTestOER/.git/hooks/commit-msg.sample"/>
      <file href="GitHubTestOER/.git/hooks/fsmonitor-watchman.sample"/>
      <file href="GitHubTestOER/.git/hooks/post-update.sample"/>
      <file href="GitHubTestOER/.git/hooks/pre-applypatch.sample"/>
      <file href="GitHubTestOER/.git/hooks/pre-commit.sample"/>
      <file href="GitHubTestOER/.git/hooks/pre-merge-commit.sample"/>
      <file href="GitHubTestOER/.git/hooks/pre-push.sample"/>
      <file href="GitHubTestOER/.git/hooks/pre-rebase.sample"/>
      <file href="GitHubTestOER/.git/hooks/pre-receive.sample"/>
      <file href="GitHubTestOER/.git/hooks/prepare-commit-msg.sample"/>
      <file href="GitHubTestOER/.git/hooks/update.sample"/>
      <file href="GitHubTestOER/.git/index"/>
      <file href="GitHubTestOER/.git/info/exclude"/>
      <file href="GitHubTestOER/.git/logs/HEAD"/>
      <file href="GitHubTestOER/.git/logs/refs/heads/master"/>
      <file href="GitHubTestOER/.git/logs/refs/remotes/origin/HEAD"/>
      <file href="GitHubTestOER/.git/objects/pack/pack-efd2555a85907ae25e16d396c748bf5c269cd703.idx"/>
      <file href="GitHubTestOER/.git/objects/pack/pack-efd2555a85907ae25e16d396c748bf5c269cd703.pack"/>
      <file href="GitHubTestOER/.git/packed-refs"/>
      <file href="GitHubTestOER/.git/refs/heads/master"/>
      <file href="GitHubTestOER/.git/refs/remotes/origin/HEAD"/>
      <file href="GitHubTestOER/.gitbook/assets/markdown_audio.mp3"/>
      <file href="GitHubTestOER/.gitbook/assets/markdown_logo%20(1).png"/>
      <file href="GitHubTestOER/.gitbook/assets/markdown_logo.png"/>
      <file href="GitHubTestOER/3.1.1-definition-und-messung-der-kraft.md"/>
      <file href="GitHubTestOER/courseLiaScript.md"/>
      <file href="GitHubTestOER/docs/.nojekyll"/>
      <file href="GitHubTestOER/docs/index.html"/>
      <file href="GitHubTestOER/docs/test/Aufgaben1Docs.md"/>
      <file href="GitHubTestOER/media/markdown_video.mp4"/>
      <file href="GitHubTestOER/media/WaageGGundnGG.png"/>
      <file href="GitHubTestOER/README.md"/>
      <file href="GitHubTestOER/SUMMARY.md"/>
      <file href="GitHubTestOER/testfile.md"/>
      <file href="img/barchart.png"/>
      <file href="img/boxplot.png"/>
      <file href="img/candlestick.png"/>
      <file href="img/funnel.png"/>
      <file href="img/gauge.png"/>
      <file href="img/graph.png"/>
      <file href="img/heatmap.png"/>
      <file href="img/lineplot.png"/>
      <file href="img/lines.png"/>
      <file href="img/map.png"/>
      <file href="img/parallel.png"/>
      <file href="img/pictorial.png"/>
      <file href="img/piechart.png"/>
      <file href="img/radar.png"/>
      <file href="img/sankey.png"/>
      <file href="img/scatterplot.png"/>
      <file href="img/sunburst.png"/>
      <file href="img/table.png"/>
      <file href="img/themeriver.png"/>
      <file href="img/tree.png"/>
      <file href="img/treemap.png"/>
      <file href="index.html"/>
      <file href="katex.min.css"/>
      <file href="logo.1e973952.png"/>
      <file href="logo_192.c4a21617.png"/>
      <file href="main.47f3a1c1.css"/>
      <file href="material-icons.79df16a9.css"/>
      <file href="MaterialIcons-Regular.309c1598.woff"/>
      <file href="MaterialIcons-Regular.5744d005.ttf"/>
      <file href="MaterialIcons-Regular.827a59b6.eot"/>
      <file href="MaterialIcons-Regular.d5b7635d.woff2"/>
      <file href="oembed.d13652bd.js"/>
      <file href="preview-lia.a198e6e9.js"/>
      <file href="preview-link.bf694fac.js"/>
      <file href="roboto-mono-v5-cyrillic-ext-regular.096de2e9.svg"/>
      <file href="roboto-mono-v5-cyrillic-ext-regular.09a18dfd.woff"/>
      <file href="roboto-mono-v5-cyrillic-ext-regular.1640582f.woff2"/>
      <file href="roboto-mono-v5-cyrillic-ext-regular.a1fe7885.ttf"/>
      <file href="roboto-mono-v5-cyrillic-ext-regular.fb7dd8d2.eot"/>
      <file href="roboto-mono-v5-cyrillic-regular.096de2e9.svg"/>
      <file href="roboto-mono-v5-cyrillic-regular.4d0b070c.woff"/>
      <file href="roboto-mono-v5-cyrillic-regular.51170967.eot"/>
      <file href="roboto-mono-v5-cyrillic-regular.9b9afdef.woff2"/>
      <file href="roboto-mono-v5-cyrillic-regular.b466b041.ttf"/>
      <file href="roboto-mono-v5-greek-ext-regular.096de2e9.svg"/>
      <file href="roboto-mono-v5-greek-ext-regular.44582380.woff"/>
      <file href="roboto-mono-v5-greek-ext-regular.7854200b.ttf"/>
      <file href="roboto-mono-v5-greek-ext-regular.d22b152c.eot"/>
      <file href="roboto-mono-v5-greek-ext-regular.dac45c2c.woff2"/>
      <file href="roboto-mono-v5-greek-regular.096de2e9.svg"/>
      <file href="roboto-mono-v5-greek-regular.11fef9aa.woff2"/>
      <file href="roboto-mono-v5-greek-regular.c34a24c7.woff"/>
      <file href="roboto-mono-v5-greek-regular.d2a16e53.ttf"/>
      <file href="roboto-mono-v5-greek-regular.eea19dbc.eot"/>
      <file href="roboto-mono-v5-latin-ext-regular.096de2e9.svg"/>
      <file href="roboto-mono-v5-latin-ext-regular.1ffad1d1.woff2"/>
      <file href="roboto-mono-v5-latin-ext-regular.6111d5c7.woff"/>
      <file href="roboto-mono-v5-latin-ext-regular.7b263b94.eot"/>
      <file href="roboto-mono-v5-latin-ext-regular.b18e4423.ttf"/>
      <file href="roboto-mono-v5-latin-regular.096de2e9.svg"/>
      <file href="roboto-mono-v5-latin-regular.136656c3.woff"/>
      <file href="roboto-mono-v5-latin-regular.1770c27b.ttf"/>
      <file href="roboto-mono-v5-latin-regular.24977812.woff2"/>
      <file href="roboto-mono-v5-latin-regular.fe2c4126.eot"/>
      <file href="roboto-mono-v5-vietnamese-regular.096de2e9.svg"/>
      <file href="roboto-mono-v5-vietnamese-regular.1efa8359.ttf"/>
      <file href="roboto-mono-v5-vietnamese-regular.52f8f0cd.woff"/>
      <file href="roboto-mono-v5-vietnamese-regular.92c77f61.eot"/>
      <file href="roboto-mono-v5-vietnamese-regular.d27a9dd7.woff2"/>
      <file href="roboto-v18-cyrillic-ext-regular.1628be44.woff2"/>
      <file href="roboto-v18-cyrillic-ext-regular.7a632d06.ttf"/>
      <file href="roboto-v18-cyrillic-ext-regular.86e517b8.woff"/>
      <file href="roboto-v18-cyrillic-ext-regular.ab9033c4.svg"/>
      <file href="roboto-v18-cyrillic-ext-regular.e059c632.eot"/>
      <file href="roboto-v18-cyrillic-regular.35fa3101.ttf"/>
      <file href="roboto-v18-cyrillic-regular.38a49692.eot"/>
      <file href="roboto-v18-cyrillic-regular.87e0bb7f.woff2"/>
      <file href="roboto-v18-cyrillic-regular.ab9033c4.svg"/>
      <file href="roboto-v18-cyrillic-regular.d76ee912.woff"/>
      <file href="roboto-v18-greek-ext-regular.2910e05b.woff"/>
      <file href="roboto-v18-greek-ext-regular.62b2d1cc.woff2"/>
      <file href="roboto-v18-greek-ext-regular.8f023c78.ttf"/>
      <file href="roboto-v18-greek-ext-regular.ab9033c4.svg"/>
      <file href="roboto-v18-greek-ext-regular.c71099b2.eot"/>
      <file href="roboto-v18-greek-regular.41173422.woff2"/>
      <file href="roboto-v18-greek-regular.43aed030.eot"/>
      <file href="roboto-v18-greek-regular.91d0e251.woff"/>
      <file href="roboto-v18-greek-regular.ab9033c4.svg"/>
      <file href="roboto-v18-greek-regular.d23af664.ttf"/>
      <file href="roboto-v18-latin-ext-regular.300b57d0.woff2"/>
      <file href="roboto-v18-latin-ext-regular.8f3d4404.eot"/>
      <file href="roboto-v18-latin-ext-regular.ab9033c4.svg"/>
      <file href="roboto-v18-latin-ext-regular.cc24dc3c.woff"/>
      <file href="roboto-v18-latin-ext-regular.e8097339.ttf"/>
      <file href="roboto-v18-latin-regular.12a7207b.woff2"/>
      <file href="roboto-v18-latin-regular.61ac9e9d.eot"/>
      <file href="roboto-v18-latin-regular.8023399d.woff"/>
      <file href="roboto-v18-latin-regular.94826897.ttf"/>
      <file href="roboto-v18-latin-regular.ab9033c4.svg"/>
      <file href="roboto-v18-vietnamese-regular.0ef3cb8d.eot"/>
      <file href="roboto-v18-vietnamese-regular.98146e63.woff"/>
      <file href="roboto-v18-vietnamese-regular.9b8060ff.ttf"/>
      <file href="roboto-v18-vietnamese-regular.ab9033c4.svg"/>
      <file href="roboto-v18-vietnamese-regular.f9b20dd9.woff2"/>
      <file href="roboto.24ba3445.css"/>
      <file href="scorm1.2.0994561c.js"/>
    </resource>
  </resources>
</manifest>